ウスエダミドリイシ,Acropora tenuis,南日本の太平洋岸、琉球列島；インド・太平洋,サンゴ礁の浅瀬、礁池,50cm,2m,枝先がやや尖り、青や紫、ピンクなどカラーバリエーションが非常に豊富な美しいミドリイシの仲間です。夏の初めに一斉産卵を行うことで有名であり、サンゴ礁保全のための種苗生産や増養殖の研究において最もよく用いられるモデル種でもあります。
クシハダミドリイシ,Acropora hyacinthus,南日本の太平洋岸、琉球列島；インド・太平洋,サンゴ礁外縁、波当たりの強い浅瀬,1m,3m,細かく短い枝が密集し、巨大なテーブル状（平らな円盤状）の群体を作る代表的な造礁サンゴです。成長が非常に早く、波当たりの強いリーフエッジで何段も重なるように群生する姿は圧巻ですが、高水温による白化現象のダメージを受けやすい繊細な一面もあります。
スギノキミドリイシ,Acropora muricata,琉球列島；インド・太平洋,サンゴ礁の浅瀬、内湾の礁池,1m,5m,太い枝がシカの角やスギの木のように枝分かれしながら成長する、枝状ミドリイシの代表格。成長速度が極めて早く、内湾の浅い砂地などで広大な群生（サンゴの森）を作ります。スズメダイなどの小魚の隠れ家として、サンゴ礁生態系で非常に重要な役割を担っています。
エンタクミドリイシ,Acropora cytherea,南日本の太平洋岸、琉球列島；インド・太平洋,サンゴ礁外縁、礁斜面,2m,10m,クシハダミドリイシに似ていますが、枝の隙間がやや広く、より巨大な円盤状（テーブル状）に成長します。直径2mを超える巨大な一枚のテーブルになることもあり、ダイビング中に下から見上げてストロボを当てると、複雑な枝のシルエットが美しく浮かび上がります。
ハリエダミドリイシ,Acropora echinata,琉球列島；インド・太平洋,サンゴ礁の波の穏やかな浅瀬,40cm,10m,主となる枝から、針のように細く短い枝が四方八方に突き出しているのが特徴で、試験管ブラシのような見た目をしています。波の穏やかな内湾や礁斜面に生息しており、特に先端が鮮やかな水色や青色に染まる個体はマクロ撮影の被写体として映えます。
トゲミドリイシ,Acropora florida,琉球列島；インド・太平洋,サンゴ礁の浅瀬、礁斜面,80cm,8m,太くてがっしりとした主枝から、短くて先が尖った小枝が不規則に突出しているため、まるでサボテンのような独特のシルエットをしています。緑色や褐色のものが多く、波当たりの強い場所から穏やかな場所まで適応力が高く、立派な群落を作ります。
ヤスリミドリイシ,Acropora aspera,琉球列島；インド・太平洋,礁池内、波の穏やかな浅瀬,50cm,2m,枝が太く、先端が丸みを帯びているのが特徴で、表面がヤスリのようにザラザラしています。干潮時には干上がってしまうような、ごく浅いタイドプールや礁池（イノー）の過酷な環境にも適応して群生しており、淡水や泥の流入にも比較的強い種類です。
ハイマツミドリイシ,Acropora microphthalma,琉球列島；インド・太平洋,サンゴ礁の浅瀬、礁斜面,1m,5m,細くて折れやすい繊細な枝が、ハイマツ（這松）のように横に広がりながら密集して成長するミドリイシです。白っぽい灰色から淡い黄色をしており、サンゴ礁の斜面で大きな群落を作ります。枝間が狭いため、小さなカニやエビの絶好の隠れ家になります。
ニホンミドリイシ,Acropora solitaryensis,本州の太平洋岸、四国、九州；温帯海域,岩礁域の浅瀬,80cm,5m,温帯の海域に適応したミドリイシの仲間で、本州の岩礁ダイビングポイントで「テーブルサンゴ」と呼ばれるものは本種であることが多いです。水温が低い冬も耐え抜き、温帯の海の景観を彩る重要な存在。鮮やかな緑色や褐色の群落を形成します。
オヤユビミドリイシ,Acropora gemmifera,琉球列島；インド・太平洋,サンゴ礁外縁の波当たりの強い場所,40cm,3m,激しい波に耐えられるよう、太くて短い「親指」のようなずんぐりとした枝を上に向けて密集させるのが特徴です。礁縁（リーフエッジ）のごく浅い波打ち際で力強く生息しており、青や紫などのパステルカラーに染まる先端がとても綺麗です。
エダコモンサンゴ,Montipora digitata,琉球列島；インド・太平洋,波の穏やかな礁池、内湾,50cm,3m,ミドリイシ類に比べて表面の凹凸が少なく、滑らかで短い指のような枝を上に向かって無数に伸ばすコモンサンゴの仲間です。波の穏やかな浅い環境を好み、時には海底が見えなくなるほどの広大な単一の群落（お花畑のような景観）を作ることがあります。
ウスコモンサンゴ,Montipora foliosa,琉球列島；インド・太平洋,サンゴ礁の斜面、内湾,80cm,10m,薄い板状や花びらのような骨格が、キャベツのように幾重にも渦を巻きながら成長する姿が非常に美しいサンゴ。緑色や褐色の個体が多く、縁の部分が白く縁取られることもあります。潮通しの良い斜面で優雅な景観を作り出します。
アミメコモンサンゴ,Montipora aequituberculata,南日本の太平洋岸、琉球列島；インド・太平洋,サンゴ礁の斜面、岩礁域,1m,15m,すり鉢状や何枚も重なった平らな板状に成長するコモンサンゴです。表面をよく見ると、小さな突起が網目状や放射状に規則正しく並んでいるのが特徴です。光の当たりにくい少し深い水深にも適応し、斜面に沿って何段にも重なる姿を観察できます。
イボコモンサンゴ,Montipora tuberculosa,南日本の太平洋岸、琉球列島；インド・太平洋,岩礁域、サンゴ礁域,60cm,8m,被覆状（岩肌に張り付くような形）から塊状に成長し、表面にイボのような丸い突起が密集しているのが特徴。色鮮やかな赤や緑のものが多く、サンゴ礁だけでなく本州の温帯域の岩礁でもよく見られます。環境適応力が高くタフなサンゴです。
コブハマサンゴ,Porites lutea,南日本の太平洋岸、琉球列島；インド・太平洋,サンゴ礁域全般、内湾,3m,5m,岩山のように巨大な塊状（塊状ハマサンゴ）に成長し、数百年かけて直径数メートルに達することもある長寿のサンゴです。他のサンゴが死滅するような高水温による白化ストレスに対して極めて強い耐性を持っており、気候変動下における造礁サンゴの生き残りや養殖研究で特に注目されている重要な種です。
ユビエダハマサンゴ,Porites cylindrica,琉球列島；インド・太平洋,波の穏やかな礁池、内湾,1m,3m,太さ1cmほどの「指」のような短い枝を無数に枝分かれさせながら密集して成長します。明るい黄色や黄緑色をしており、波の穏やかな浅い内湾などで見事な大群落を作ります。ハマサンゴの仲間の中では成長が早く、浅場の生態系を支えています。
パリカメノコハマサンゴ,Porites rus,琉球列島；インド・太平洋,サンゴ礁の斜面、内湾,1.5m,10m,成長の過程で、板状や柱状など複雑な形に変化するハマサンゴの仲間。表面には小さなヒダが規則正しく並んでおり、独特のザラザラとした幾何学的な模様（亀の甲羅のような模様）を形成します。濁りにも強く、他のサンゴが少ない内湾などでも見られます。
ハナヤサイサンゴ,Pocillopora damicornis,南日本の太平洋岸、琉球列島；インド・太平洋,サンゴ礁の浅瀬、礁池,30cm,5m,カリフラワーのような丸みを帯びた塊状になり、太くて短い枝が密集しているのが特徴。鮮やかなピンク色や緑色の個体が多く、浅いサンゴ礁で点在しています。成長が早いためサンゴの養殖技術開発でもよく扱われますが、白化には比較的弱い種類です。
ヘラジカハナヤサイサンゴ,Pocillopora eydouxi,琉球列島；インド・太平洋,サンゴ礁外縁の波当たりの強い場所,50cm,10m,ハナヤサイサンゴの仲間ですが、枝が太くて先端が平たく広がり、まるでヘラジカの立派な角のように見えることからこの名が付きました。波当たりの非常に強い礁斜面やリーフエッジで力強く成長しており、オオヘビビガイなどがよく共生しています。
ショウガサンゴ,Stylophora pistillata,南日本の太平洋岸、琉球列島；インド・太平洋,サンゴ礁の浅瀬、礁池,30cm,5m,枝の先端がコブのように丸く膨らんでおり、全体的に「生姜（ショウガ）」の根のような見た目をしています。ピンク、紫、緑などパステルカラーに染まる個体が多く、ダイバーの目を楽しませてくれます。サンゴガニの仲間が枝間に住み着いていることが多いです。
トゲサンゴ,Seriatopora hystrix,琉球列島；インド・太平洋,波の穏やかな内湾、礁斜面,40cm,10m,非常に細く、先端が針のように鋭く尖った枝を複雑に絡み合わせながら成長します。ピンクや黄色などの鮮やかな色彩を持ちますが、骨格が非常に脆く折れやすいため、ダイビング中はフィンなどで傷つけないよう中性浮力に細心の注意が必要です。
キクメイシ,Dipsastraea speciosa,本州以南、琉球列島；インド・太平洋,岩礁域、サンゴ礁域,50cm,10m,丸い塊状に成長し、表面に「菊の花」のような多角形のポリプ（個体）がびっしりと並んでいる代表的な造礁サンゴ。非常に丈夫で環境の変化に強く、沖縄だけでなく伊豆半島などの温帯の岩礁域でも普通に見られ、緑や茶色の色彩をしています。
カメノコキクメイシ,Favites abdita,本州以南、琉球列島；インド・太平洋,岩礁域、サンゴ礁域,60cm,8m,キクメイシによく似ていますが、隣り合うポリプ同士の壁を共有しているため、模様がより角張って亀の甲羅（亀甲模様）のように見えるのが特徴です。こちらも環境適応力が高く、夜間には触手を長く伸ばしてプランクトンを捕食する姿が観察できます。
ノウサンゴ,Platygyra lamellina,琉球列島；インド・太平洋,サンゴ礁域全般,60cm,10m,ポリプが融合して長い谷状になり、表面に迷路のような複雑な溝（谷）がうねりながら続く様子が、人間の「脳（Brain coral）」にそっくりなサンゴです。丸い塊状に成長し、谷の部分と山の部分で色が異なる（緑と茶色など）美しいコントラストを見せます。
アザミサンゴ,Galaxea fascicularis,南日本の太平洋岸、琉球列島；インド・太平洋,サンゴ礁の浅瀬、内湾,50cm,5m,小さな筒状の骨格が林立し、その先端が非常に鋭く尖っているため素手で触ると危険です。日中もポリプを開いていますが、夜間になると非常に長く伸びる「スイーパー触手」を出し、強力な毒で隣接する他のサンゴを攻撃して自分の陣地を広げるという凶暴な一面があります。
タバネサンゴ,Caulastraea tumida,南日本の太平洋岸、琉球列島；インド・太平洋,内湾の砂泥底、岩礁域,30cm,10m,一つの筒状の骨格（サンゴ個体）が枝分かれしながら束のように集まって成長する種類です。日中も肉厚でふっくらとしたポリプを広げており、中心の口（口盤）の周辺が鮮やかな蛍光グリーンに輝く個体は非常に美しく、マクロ撮影の被写体になります。
リュウキュウキッカサンゴ,Echinopora lamellosa,琉球列島；インド・太平洋,波の穏やかな内湾、礁斜面,1m,15m,薄い板状に成長し、それが幾重にも重なってバラの花びらのような見事な群落を作ります。表面には小さな棘状のポリプが規則正しく並んでいます。ウスコモンサンゴの群落と似ていますが、本種の方がポリプの凹凸がはっきりしているのが見分けのポイントです。
クサビライシ,Fungia fungites,琉球列島；インド・太平洋,サンゴ礁の浅瀬、砂地、ガレ場,15cm,10m,通常の造礁サンゴのように岩に固着せず、キノコの傘のような円盤型の骨格ひとつで自立して砂地やガレ場に転がっている不思議な「単体サンゴ」です。ひっくり返っても、組織を膨らませて自力で起き上がることができます。触手が緑や紫に光り綺麗です。
ゾウリイシ,Herpolitha limax,琉球列島；インド・太平洋,サンゴ礁の浅瀬、ガレ場,30cm,10m,クサビライシの仲間ですが、こちらは細長く楕円形に成長し、まさに人間の履く「草履（ぞうり）」のような形をしています。中央に一本の長い溝（口）があり、大きなものは30cm近くになります。ガレ場にぽつんと落ちている姿をよく見かけます。
パラオクサビライシ,Ctenactis echinata,琉球列島；インド・太平洋,サンゴ礁の浅瀬、ガレ場,25cm,12m,ゾウリイシに似た楕円形ですが、骨格の縁にある隔壁（ヒダ）が大きくノコギリの歯のようにギザギザしているのが特徴です。口が大きく、夜間には触手を伸ばして小魚や甲殻類などのかなり大きなエサも捕食するたくましい単体サンゴです。
ナガレハナサンゴ,Euphyllia ancora,琉球列島；インド・太平洋,波の穏やかな礁斜面、内湾,40cm,15m,ハードコーラル（造礁サンゴ）でありながら、日中は骨格が見えなくなるほど巨大なポリプを伸ばし、水流に合わせてフワフワと揺れています。触手の先端が横長のハンマーや錨（アンカー）のような形に広がっているのが最大の特徴で、クマノミの仲間がよく共生しています。
ハナサンゴ,Euphyllia glabrescens,琉球列島；インド・太平洋,波の穏やかな礁斜面、内湾,40cm,15m,ナガレハナサンゴの仲間ですが、こちらは触手の先端が丸くドーム状に膨らんでいるのが特徴です。触手の先端は鮮やかな蛍光グリーンや白に発色し、たいまつ（トーチ）の炎のように美しく輝きます。こちらもクマノミの格好のベッドになります。
タコアシサンゴ,Euphyllia paradivisa,琉球列島；インド・太平洋,波の穏やかな礁斜面、内湾,40cm,20m,ナガレハナサンゴの近縁種で、触手の先端付近で細かく枝分かれしており、それがカエルの卵やタコの吸盤のように見えるユニークなサンゴです。半透明のグリーンの触手が水流に揺らめく姿は非常に美しく、マクロ撮影の背景にすると幻想的な写真になります。
アワサンゴ,Alveopora japonica,本州の太平洋岸、四国、九州、琉球列島,岩礁域の浅瀬,15cm,8m,お花のように見える可愛らしいポリプを日中も広げているサンゴ。一つのポリプの先端に12本の短い触手があり、雛菊（ヒナギク）の花束のように見えます。沖縄だけでなく伊豆半島などの温帯の岩礁域でもよく見られ、緑と白のコントラストがとても綺麗です。
ハナガササンゴ,Goniopora lobata,本州以南、琉球列島；インド・太平洋,岩礁域、サンゴ礁の内湾,30cm,10m,アワサンゴにそっくりですが、こちらは触手の数が24本あります。長い管状のポリプを群体全体から長く伸ばし、先端の触手が花のように開くため、祭りの「花笠」に例えられます。非常に長く伸びるためソフトコーラルと間違われることも多いです。
センベイサンゴ,Pachyseris speciosa,琉球列島；インド・太平洋,サンゴ礁の深い斜面、ドロップオフ,1m,25m,ドロップオフなどの深い水深や薄暗い環境を好み、光を効率よく集めるために薄い板を広げたような形（お煎餅状）に成長します。表面には等高線やレコード盤の溝のような細い筋が同心円状に規則正しく並んでおり、幾何学的な美しさがあります。
シコロサンゴ,Pavona decussata,南日本の太平洋岸、琉球列島；インド・太平洋,波の穏やかな礁斜面、内湾,1m,10m,平たい葉っぱや板のような骨格が、縦方向や斜めに不規則に交差しながら成長するサンゴです。表面には星型の小さなポリプが散在しています。板と板の間に複雑な隙間ができるため、ハゼやスズメダイなどの小さな魚たちの格好の隠れ家を提供しています。
イボヤギ,Tubastraea coccinea,本州以南、琉球列島；世界の温・熱帯域,岩礁域の岩陰、洞窟の壁面,10cm,15m,造礁サンゴと異なり褐虫藻を持たない「非造礁サンゴ（陰日性サンゴ）」の代表格。光合成をしないため暗い洞窟の壁面やオーバーハングの裏側に生息しています。夜間や潮通しが良い時に、目にも鮮やかな濃いオレンジ色や黄色の触手を満開に広げます。
ジュズエダカリナ,Dendrophyllia arbuscula,本州の太平洋岸、四国、九州,岩礁域の深い斜面,20cm,30m,こちらも褐虫藻を持たない陰日性サンゴ。伊豆半島などのやや深い岩礁域に生息し、太い枝からつぼみのようなポリプを出します。真っ赤な骨格に鮮やかな黄色の触手を広げる姿がとても美しく、深場を彩るマクロ被写体として人気があります。
ウミキノコ,Sarcophyton glaucum,琉球列島；インド・太平洋,サンゴ礁の浅瀬、礁斜面,50cm,10m,骨格を持たない「ソフトコーラル（軟質サンゴ）」の仲間。太い幹の上に平らな傘が広がり、まさに巨大なマッシュルームのような形をしています。傘の表面からは細長いポリプが無数に伸び、触手が白い花のように開いてフワフワと水流に揺れています。
ウネタケ,Lobophytum pauciflorum,琉球列島；インド・太平洋,サンゴ礁の浅瀬,60cm,8m,ウミキノコに近い仲間ですが、傘の部分が平らではなく、複雑にうねったヒダや指のような隆起（ウネ）があるのが特徴です。触るとゴムのような弾力があり、浅いサンゴ礁のガレ場などに巨大な群落を作ってサンゴ礁の景観を構成しています。
チヂミウミトサカ,Sinularia flexibilis,琉球列島；インド・太平洋,サンゴ礁の浅瀬、礁斜面,40cm,10m,太い根元から細長く枝分かれし、水流になびくフサフサとした姿が美しいソフトコーラル。触るとすぐにポリプを引っ込めて、全体が「縮んで」硬くなるのが名前の由来です。ピンクや淡い緑色など色彩も豊かで、浅場の海中林を作ります。
オオトゲトサカ,Dendronephthya gigantea,本州の太平洋岸以南、琉球列島；インド・太平洋,潮通しの良い岩礁域、ドロップオフ,60cm,20m,潮通しの良い岩礁や沈船などに付着する、非常に色鮮やかなソフトコーラル。透明感のある幹に、赤い骨片（ガラス質の棘）が透けて見え、ふっくらと水を含んで膨らんだ姿はまるで海に咲く桜の木のようです。ハゼなどのマクロ撮影の最高の背景になります。
ビロードトサカ,Scleronephthya gracillima,本州の太平洋岸、四国、九州,潮通しの良い岩穴、オーバーハング,30cm,15m,伊豆半島などの温帯の岩礁ダイビングで、暗いアーチの壁面などを鮮やかなピンク色やオレンジ色に染め上げるソフトコーラル。トゲトサカ類のような鋭い棘はなく、表面がビロード（ベルベット）のように滑らかで柔らかい質感をしています。
ツツウミヅタ,Pachyclavularia violacea,琉球列島；インド・太平洋,波の穏やかな礁斜面、岩礁,20cm,8m,岩や他のサンゴの死骸を覆うように、鮮やかな紫色のシート（マット）状に広がります。その上から、まるで芝生や星のように美しい蛍光グリーンのポリプを一斉に咲かせます。アクアリウムの世界では「スターポリプ」と呼ばれ非常に人気のある種類です。
アオサンゴ,Heliopora coerulea,琉球列島（主に八重山諸島）；インド・太平洋,サンゴ礁の浅瀬,2m,5m,外見は褐色や緑色の板状や柱状ですが、折れた断面を見ると骨格の内部が「鮮やかな青色」をしているという非常に珍しい特徴を持つサンゴ（八放サンゴ類）。石垣島の白保海域にあるアオサンゴの巨大群落は世界的にも貴重で、北半球最大の規模を誇ります。
クダサンゴ,Tubipora musica,琉球列島；インド・太平洋,サンゴ礁の波の穏やかな場所,30cm,10m,細いストローやパイプ（管）を束ねたような独特の構造を持つ赤い骨格が特徴。その管の中から、八枚の羽を持つ真っ白や薄緑色の美しいお花のようなポリプをパッと咲かせます。赤と白のコントラストが素晴らしく、骨格は装飾品としても扱われます。
アナサンゴモドキ,Millepora tenera,南日本の太平洋岸、琉球列島；インド・太平洋,波当たりの強い礁斜面、リーフエッジ,50cm,5m,サンゴという名前が付きますが、クラゲやヒドラに近い「ヒドロ虫類」の仲間。表面は滑らかで黄褐色をしており、目に見えない微細な毒針を無数に持っています。素手や足で触れると火傷をしたような激しい痛みと腫れを引き起こすため（英名：Fire coral）、要注意の危険生物です。
イソバナ,Melithaea ocracea,本州以南、琉球列島；インド・太平洋,潮通しの良い岩礁の壁面,50cm,15m,潮当たりの良いドロップオフなどの壁面に、扇を広げたように平面的に成長するヤギ（八放サンゴ）の仲間。鮮やかな赤い骨格の表面に純白のポリプを咲かせるため、海中で満開になるとまるで赤い枝に雪が積もったような見事な美しさを見せます。
オオイソバナ,Melithaea flabellum,本州以南、琉球列島；インド・太平洋,潮通しの良い岩礁の深い壁面,1.5m,30m,イソバナに似ていますがより巨大に成長し、高さ・幅ともに1mを優に超える巨大な網目状の扇を作ります。潮通しの良いやや深場の壁面にどっしりと根を下ろしており、クダゴンベやピグミーシーホースなど、希少なマクロ生物の絶好の棲み処となっています。
ムチカラマツ,Cirrhipathes anguina,本州以南、琉球列島；インド・太平洋,潮通しの良い岩礁の斜面,2m,15m,枝分かれせず、ムチや針金のように一本の太い幹を長く上に向かって伸ばす不思議なサンゴ。表面には細かなポリプがびっしりと並んでいます。ガラスハゼやムチカラマツエビなどがこの一本の幹に共生しており、マクロ撮影の際に見逃せないポイントです。
ミズタマサンゴ,Plerogyra sinuosa,南日本の太平洋岸、琉球列島；インド・太平洋,波の穏やかな礁斜面、岩陰,30cm,10m,日中はブドウの粒や水風船のように丸く膨らんだポリプを広げている不思議なサンゴです。夜になるとこの風船が縮み代わりに触手を伸ばしてプランクトンを捕食します。オランウータンクラブなどの小さな甲殻類がこの隙間に好んで隠れ住んでおりマクロ撮影の被写体として非常に人気があります。
ナンヨウキサンゴ,Tubastraea micranthus,琉球列島；インド・太平洋,潮通しの良いドロップオフ、岩礁の壁面,1m,15m,イボヤギなどと同じく光合成をしない非造礁サンゴ（陰日性サンゴ）の仲間ですがこちらはオリーブ色から黒緑色の太い樹木のような骨格を1m以上も成長させます。潮当たりの強い深いドロップオフで壁面から横に向かって突き出すように伸びており夜間や潮通しが良い時にオリーブ色の触手を開きます。
キッカサンゴ,Echinophyllia aspera,本州の太平洋岸以南、琉球列島；インド・太平洋,岩礁域、サンゴ礁の斜面,50cm,10m,表面に不規則な突起やヒダを持ち全体として菊花のような模様を形成するサンゴ。環境への適応力が高く沖縄だけでなく伊豆半島などの温帯の岩礁域でも普通に見られます。岩肌に張り付くように成長（被覆状）したり縁がめくれ上がったりと様々な形に変化します。
スリバチサンゴ,Turbinaria peltata,本州の太平洋岸以南、琉球列島；インド・太平洋,内湾の岩礁域、砂泥底,1m,10m,成長するにつれて大きなすり鉢状（お椀型）や杯状に骨格を広げるサンゴです。すり鉢の内側には大きめのポリプが密集しており日中も花のように開いていることが多いです。濁りのある内湾の砂泥底など他のサンゴが生息しにくい環境でもたくましく育ちます。
イボサンゴ,Hydnophora exesa,南日本の太平洋岸、琉球列島；インド・太平洋,サンゴ礁の浅瀬、礁斜面,60cm,5m,表面に円錐形や細長い山脈のようなイボ状の突起（モントコル）が密集しているのが特徴。塊状になったり太い枝を伸ばしたりと環境によって形を変えます。触手は夜間に伸ばしますが日中も独特の幾何学的な骨格模様が美しく緑色や褐色の体色をしています。
ダイノウサンゴ,Symphyllia recta,琉球列島；インド・太平洋,サンゴ礁域全般,50cm,8m,ノウサンゴに似て迷路のようなうねる溝（谷）を持っていますが本種はその谷の幅が非常に広く肉厚でダイナミックな見た目をしているのが特徴です。塊状に成長し谷の部分と山の部分で緑や茶色赤色など鮮やかなコントラストを見せる個体が多く被写体として映えます。
パラオハナガタサンゴ,Lobophyllia hemprichii,南日本の太平洋岸、琉球列島；インド・太平洋,サンゴ礁の浅瀬、礁斜面,50cm,10m,大きく肉厚なポリプが独立して成長しそれぞれが隣接して大きな塊を作るサンゴ。ポリプの口盤周辺が鮮やかな赤や緑オレンジ色に発色するものが多くアクアリウムの世界でも非常に人気が高い種類です。夜になるとさらに大きく膨らみ触手を伸ばします。
オオバナサンゴ,Trachyphyllia geoffroyi,琉球列島；インド・太平洋,内湾の砂泥底、ガレ場,20cm,15m,クサビライシのように岩に固着せず砂底に転がって生活する単体または少数のポリプからなるサンゴ。中央に大きな口がありそれが数字の「8」の字型や長楕円形にうねりながら成長します。メタリックグリーンや赤色など非常に極彩色で美しいサンゴです。
オオハナサンゴ,Catalaphyllia jardinei,琉球列島；インド・太平洋,内湾の砂泥底、ガレ場,30cm,15m,大きく肉厚なポリプを持ちその縁からピンク色や紫色の美しい触手をなびかせているサンゴ。骨格はV字型をしており砂地に突き刺さるようにして生息しています。ナガレハナサンゴなどに似てフワフワと揺れる姿が美しくこちらも砂泥底で稀に見られます。
ウミバラ,Pectinia lactuca,琉球列島；インド・太平洋,波の穏やかな内湾、礁斜面,60cm,15m,薄い板状の骨格が複雑にねじれながら上に向かって成長し全体としてフリルやキャベツバラの花のように見える美しいサンゴです。波当たりの弱い静かな環境を好み深い緑色や褐色をしています。ヒダの隙間にはハゼの仲間などが隠れていることがあります。
キクザツキキクメイシ,Goniastrea aspera,本州の太平洋岸以南、琉球列島；インド・太平洋,岩礁域、タイドプール,40cm,2m,キクメイシの仲間ですがポリプの壁を共有し多角形のくぼみが深くハニカム（ミツバチの巣）構造のように見えるのが特徴。非常に過酷な環境に強く干潮時には完全に干上がってしまうようなごく浅いタイドプールなどでも生きていける強靭なサンゴです。
ハナガサミドリイシ,Acropora nasuta,南日本の太平洋岸、琉球列島；インド・太平洋,サンゴ礁外縁、礁斜面,50cm,5m,太くて短い枝が密集し全体としてカリフラワーのような丸みを帯びた塊状（あるいは半球状）に成長するミドリイシ。枝の側面にある小さなポリプが唇のように突き出しているのが特徴です。波当たりの強い場所でしっかりと岩に根を下ろして成長します。
サオトメミドリイシ,Acropora donei,琉球列島；インド・太平洋,波の穏やかな礁斜面,80cm,8m,太い主枝から細かな枝が整然と並んで伸び全体としてテーブル状や大きな扇状に広がる美しいミドリイシ。クシハダミドリイシに似ていますが枝がより長く少し隙間が空いているのが特徴。潮通しの良い斜面で大きな群落を作り魚たちの憩いの場となります。
リュウキュウイボサンゴ,Hydnophora rigida,琉球列島；インド・太平洋,礁池内、波の穏やかな浅瀬,60cm,5m,イボサンゴの仲間ですが塊状ではなく細長い枝をシカの角のように伸ばして成長するのが特徴です。枝の表面にはイボサンゴ特有の細かな突起が密集しています。浅いラグーン（礁池）などで群生しておりスズメダイの仲間がよく隠れ家にしています。
サザナミサンゴ,Merulina ampliata,琉球列島；インド・太平洋,波の穏やかな内湾、礁斜面,80cm,10m,中心部は薄い板状に広がり縁の方にいくにつれて複雑な扇状やフリル状にねじれ上がるサンゴ。表面には細かくうねる波のようなヒダ模様（さざ波模様）が放射状に広がっており非常に幾何学的な美しさを持っています。緑色からピンクがかった褐色の体色をしています。
ハリサンゴ,Seriatopora caliendrum,琉球列島；インド・太平洋,波の穏やかな内湾、礁斜面,40cm,10m,トゲサンゴに非常によく似ていますが本種は枝の先端が針のように尖らずやや丸みを帯びて鈍く終わっているのが見分けるポイントです。枝が複雑に絡み合って茂みを作り骨格は脆いためダイビング中のフィンワークには注意が必要です。
ウミイチゴ,Bellonella rubra,本州の太平洋岸、四国、九州,岩礁域の斜面、岩陰,15cm,15m,温帯の岩礁ダイビングでよく見られる鮮やかな赤いソフトコーラル。太い指のような形の幹に白い小さなポリプが無数に咲きその姿がまさに「イチゴ」のように見えるため名付けられました。潮通しの良い岩肌にぽつんと付着しておりマクロ撮影のアクセントになります。
ベニウミトサカ,Alcyonium gracillimum,本州の太平洋岸、四国、九州,潮通しの良い岩穴、オーバーハング,30cm,15m,伊豆半島などの洞窟やアーチの壁面を真っ赤に染め上げる美しいソフトコーラル。トゲトサカ類とは異なり表面に鋭い骨片がなくしなやかで肉厚な質感をしています。潮が当たると真っ白なポリプを満開に咲かせ赤い幹とのコントラストが見事です。
カワラフサトサカ,Capnella sp.,琉球列島；インド・太平洋,サンゴ礁の浅瀬、岩礁域,30cm,10m,太い幹から松ぼっくりやカリフラワーのようにフサフサとした枝を多数伸ばすソフトコーラル。体内に大量の水分を含んでおり触ると少しヌルヌルとした感触があります。サンゴ礁の浅い水深で大きな群落を作ることが多く比較的飼育も容易な種類です。
ウミウチワ,Annella reticulata,本州の太平洋岸以南、琉球列島；インド・太平洋,潮通しの良いドロップオフ、岩礁の壁面,1m,20m,一本の茎から非常に細かく規則正しい網目模様の枝を広げまさに「団扇（うちわ）」のような平面的な形に成長するヤギ（八放サンゴ）の仲間。赤や黄色オレンジ色など色彩が鮮やかで潮の流れに向かって垂直に扇を広げてプランクトンを効率よく捕獲します。
オオウミウチワ,Annella mollis,南日本の太平洋岸、琉球列島；インド・太平洋,潮通しの良い深いドロップオフ,2m,30m,ウミウチワに似ていますがより巨大に成長し高さ・幅ともに2m近くになることもある深場の迫力あるサンゴです。網目が少し太くザラザラとした質感をしています。クダゴンベなどが好んで生息するためマクロ派ダイバーは必ずチェックするポイントになります。
フトヤギ,Euplexaura sp.,本州の太平洋岸、四国、九州,岩礁域の斜面、砂地にある根,50cm,15m,温帯の海でよく見られるヤギの仲間。網目状にはならず太い枝がシカの角のように平面的に枝分かれして成長します。黄色や赤オレンジ色などの個体があり白いポリプを咲かせます。ガラスハゼの仲間やイサキの群れの背景として写真によく映えるサンゴです。
ネジレムチカラマツ,Cirrhipathes spiralis,本州の太平洋岸以南、琉球列島；インド・太平洋,潮通しの良い岩礁の斜面,1.5m,15m,ムチカラマツの仲間ですが上に真っ直ぐ伸びるのではなく幹がバネやコルクスクリューのようにクルクルと螺旋状にねじれながら成長する不思議な形をしています。この螺旋の隙間にガラスハゼなどの小さな生物が上手く隠れ住んでおり独特の造形美を楽しめます。
ウミカラマツ,Antipathes japonica,本州の太平洋岸以南、琉球列島；インド・太平洋,深い岩礁の斜面、ドロップオフ,1m,30m,細かく枝分かれした黒い骨格を持ち全体として松の木のようなシルエットになる宝石サンゴ（黒珊瑚）の仲間。生時は白いポリプに覆われているため白っぽく見えますが死んで骨格を磨くと美しい漆黒の輝きを放つため古くから宝飾品として珍重されてきました。
クロシオマメスナギンチャク,Zoanthus kuroshio,本州の太平洋岸、四国、九州、琉球列島,岩礁域の浅瀬、タイドプール,10cm(群体),2m,岩肌にびっしりとカーペットのように群生するイソギンチャクに近い仲間（スナギンチャク類）。一つ一つのポリプが数ミリから1センチほどで中心部が緑色やオレンジ色に輝く非常に美しい模様を持っています。潮間帯の岩場などで干出にも耐えて生息しています。
イワスナギンチャク,Palythoa tuberculosa,本州の太平洋岸以南、琉球列島；インド・太平洋,サンゴ礁の浅瀬、岩礁域,30cm(群体),3m,一見すると塊状の造礁サンゴのように見えますが骨格を持たないスナギンチャクの群落。体内に「パリトキシン」という自然界でトップクラスの猛毒を含んでいることで有名であり触るだけなら問題ありませんが傷口から入ったり食べたりすると非常に危険な生物です。
ハタゴイソギンチャク,Stichodactyla gigantea,琉球列島；インド・太平洋,サンゴ礁の浅瀬、砂地,50cm,5m,カクレクマノミが最も好んで共生するカーペットのように岩や砂地に広がる大型のイソギンチャク。数ミリほどの短い触手が表面にびっしりと生え揃っています。刺胞毒が非常に強く素肌で触れると激しい痛みとともにミミズ腫れになるため接近には注意が必要です。
イボハタゴイソギンチャク,Stichodactyla haddoni,琉球列島；インド・太平洋,サンゴ礁の砂泥底,50cm,10m,ハタゴイソギンチャクに似ていますがこちらはサンゴ礁よりも砂地に単独で生息していることが多いです。触手の先端がイボのように丸く膨らんでおりクマノミの仲間（トウアカクマノミなど）が共生します。こちらも毒が強いため砂地に着底する際は確認が必要です。
シライトイソギンチャク,Heteractis crispa,南日本の太平洋岸、琉球列島；インド・太平洋,サンゴ礁域、砂地と岩礁の境界,40cm,10m,長くて細い触手を持つイソギンチャク。触手の色は白から黄色緑褐色など様々ですが先端がうっすらと紫色に色づく個体が多いです。ハナビラクマノミやクマノミが共生しており触手の間に小さなエビ（カザリイソギンチャクエビなど）が隠れていることも多いです。
センジュイソギンチャク,Heteractis magnifica,琉球列島；インド・太平洋,サンゴ礁の外縁、潮通しの良い岩の上,60cm,8m,サンゴ礁の高台や根の頂上など潮通しの良い目立つ場所に張り付く大型のイソギンチャク。側面の体壁が鮮やかな赤やピンク青色をしており非常に美しいです。触手の先端は鈍く丸まっておりカクレクマノミやハナビラクマノミが大きな家族を作って共生しています。
タマイタダキイソギンチャク,Entacmaea quadricolor,本州の太平洋岸以南、琉球列島；インド・太平洋,岩礁域のくぼみ、サンゴ礁,40cm,10m,環境によって触手の形が変化する不思議なイソギンチャク。通常は長い触手ですが光が強い場所などでは先端の少し下がプクッと丸く膨らみ「玉を頂いた」ような形になります。ハマクマノミが好んで定住し非常に鮮やかな蛍光グリーンや赤色の個体も存在します。
アラビアハタゴイソギンチャク,Macrodactyla doreensis,琉球列島；インド・太平洋,サンゴ礁の砂泥底,40cm,15m,砂の中に深く体を埋め長く太い触手だけを砂の上に放射状に広げているイソギンチャク。触手にはコルクスクリューのようなゆるい螺旋状のうねりがあり赤褐色やグレーの地味な色合いをしています。クマノミやハナビラクマノミが共生していることがあります。
サンゴイソギンチャク,Entacmaea actinostoloides,本州の太平洋岸以南、琉球列島；インド・西太平洋,岩礁域の浅瀬、サンゴ礁,30cm,5m,日本の温帯域でも最も普通に見られるイソギンチャク。タマイタダキイソギンチャクに似ていますが触手の先端付近が少し膨らんでピンクや紫色のワンポイントが入るのが特徴。クマノミやミツボシクロスズメダイの幼魚が共生する温帯ダイビングの定番被写体です。
ウンバチイソギンチャク,Phyllodiscus semoni,琉球列島；西部太平洋,サンゴ礁のガレ場、海藻の周辺,20cm,5m,海藻や枯れ葉が絡みついたような複雑な形をしており一見してイソギンチャクには見えない究極の擬態生物。しかし「海の蜂」という名前の通り刺胞毒が極めて強力で触れると激痛が走り重症化する恐れがあるためダイビング中に見かけても絶対に手を出してはいけません。
ハナブサイソギンチャク,Actinodendron arboreum,琉球列島；インド・太平洋,サンゴ礁の砂底、内湾の泥底,30cm,10m,砂地に生息し木の枝のように細かく枝分かれした触手をカリフラワーやブロッコリーのように高く伸ばしている独特の姿をしたイソギンチャク。砂泥底に同化しており非常に強力な毒を持つため着底時やマクロ撮影で這いつくばる際には周囲の確認が必須です。
シロガヤ,Aglaophenia whiteleggei,本州以南、琉球列島；インド・西太平洋,岩礁域の斜面、潮当たりの良い場所,10cm,5m,鳥の羽や白い海藻のように見えますが実はクラゲなどに近い「ヒドロ虫類」の群体（刺胞動物）。潮通しの良い岩肌に群生しており素手や足で触れると微細な毒針に刺されて電気が走ったような鋭い痛みを感じます。グローブやスーツで肌の露出を防ぐことが重要です。
クロガヤ,Lytocarpia niger,本州以南、琉球列島；インド・西太平洋,岩礁域の斜面、潮当たりの良い場所,15cm,5m,シロガヤと同じく鳥の羽のような形をしたヒドロ虫類ですがこちらは全体的に黒褐色をしているのが特徴。温帯の岩礁ダイビングではロープや岩肌にびっしりと生えていることがありこちらも触れると激しい痛みと痒みを伴うため中性浮力を保って接触を避けましょう。
ハネガヤ,Plumularia setacea,北海道以南の日本各地；世界中の温帯・熱帯海域,岩礁域、海藻の上、人工物,5cm,3m,シロガヤやクロガヤよりもさらに繊細で透明感のある細い羽のようなヒドロ虫類。海藻の葉の上やブイのロープなどに付着しています。毒性はやや弱いですが肌が弱い人が触れるとチクチクとした痛みを感じ赤くかぶれることがあるため不用意な接触は禁物です。
ミズクラゲ,Aurelia coerulea,日本全国；世界中の温帯海域,沿岸の表層、内湾,30cm(傘),表層,日本で最もおなじみの半透明なクラゲ。傘の真ん中に四つの輪っか（生殖腺）があり「四つ目クラゲ」とも呼ばれます。毒は非常に弱くダイビングやシュノーケリング中に出会っても危険は少ないですが、大量発生して視界を遮るほどの巨大な群れを作ることがあります。
アカクラゲ,Chrysaora pacifica,北海道以南の日本各地,沿岸の表層から中層,20cm(傘),表層,傘に放射状の赤い縞模様があり、数十本の非常に長い触手を持つ大型のクラゲ。春から夏にかけて本州の沿岸で大量発生することがあり、触手には強力な毒があります。乾燥した触手が粉となって飛ぶとくしゃみを引き起こすことから「ハクションクラゲ」とも呼ばれます。
エチゼンクラゲ,Nemopilema nomurai,東シナ海、黄海、日本海,沖合の中層〜表層,2m(傘),表層〜中層,傘の直径が2m、体重が200kgにも達する世界最大級のクラゲ。近年日本海沿岸で大量発生して漁網を破るなどの深刻な漁業被害をもたらすことで有名になりました。クリーム色から褐色の巨大な塊が海中を漂う姿は圧巻ですが、毒は強めです。
ビゼンクラゲ,Rhopilema esculentum,有明海、瀬戸内海、東シナ海,沿岸の表層〜中層,50cm(傘),表層,古くから中華料理の高級食材として珍重されてきた食用クラゲの代表格。傘は半球状で青みを帯びた白色をしており、ナメクジのような太く短い口腕を持っています。有明海などの泥底が広がる内湾で初夏から秋にかけてよく見られます。
タコクラゲ,Mastigias papua,本州以南、琉球列島；インド・太平洋,波の穏やかな内湾、サンゴ礁,10cm(傘),表層,傘に白い水玉模様があり、8本の太い口腕（タコの足のように見える）を持つ可愛らしいクラゲ。体内に褐虫藻を共生させているため茶褐色をしており、日中は光合成をするために水面近くに集まってぽこぽこと泳ぐ姿がダイバーに人気です。
サカサクラゲ,Cassiopea ornata,本州以南、琉球列島；インド・太平洋,波の穏やかな浅瀬、マングローブ,15cm(傘),浅底,名前の通り、海底で傘を下にして「逆さま」の状態で生活する変わったクラゲ。こちらも体内に褐虫藻を共生させており、太陽の光を効率よく浴びるために浅い砂泥底に張り付いて日向ぼっこをしています。マングローブの根元などでよく見かけます。
ハブクラゲ,Chironex yamaguchii,琉球列島；東南アジア,波の穏やかな内湾、ビーチ,10cm(傘),表層,沖縄の海で最も恐れられている猛毒の箱虫類（立方クラゲ）。半透明の四角い傘から伸びる触手には強烈な毒があり、刺されると激痛が走り最悪の場合はショック死に至ることもあります。夏場のビーチや浅瀬に侵入してくるため防護ネットが必要です。
アンドンクラゲ,Carybdea brevipedalia,日本全国の沿岸,沿岸の表層、海水浴場,3cm(傘),表層,お盆を過ぎた頃に海水浴場に大量発生し、「電気クラゲ」として恐れられる小型の立方クラゲ。行灯（あんどん）のような四角い透明な傘と4本の長い触手を持ち、遊泳力が強いため海中でスピーディーに泳ぎ回ります。刺されるとミミズ腫れになります。
カツオノエボシ,Physalia physalis,本州の太平洋岸以南；世界中の温・熱帯域,外洋の表層（漂流）,10cm(浮袋),水面,透明な青い餃子やビニール袋のように見える浮袋を持ち、水面を風に乗って漂う猛毒生物。実は1匹のクラゲではなくヒドロ虫が多数集まった群体です。強烈な電気ショックを受けたような痛みから「電気クラゲ」の異名を持ち、海岸に打ち上げられたものにも要注意です。
ギンカクラゲ,Porpita porpita,本州の太平洋岸以南；世界中の温・熱帯域,外洋の表層（漂流）,3cm(円盤),水面,銀貨（コイン）のような円盤状の浮きを持ち、その周りに青い触手を放射状に広げて水面を漂うヒドロ虫の群体。カツオノエボシと一緒に風に乗って海岸に打ち上げられることが多いです。毒は比較的弱いですが、アレルギー反応を起こす人もいるため触らないのが無難です。
カツオノカンムリ,Velella velella,本州の太平洋岸以南；世界中の温帯・熱帯海域,外洋の表層（漂流）,5cm(浮袋),水面,楕円形の青い浮きの上に、ヨットの帆のような透明な冠（カンムリ）を持つ群体性ヒドロ虫。この帆で風を受けて海面を移動し、時に大群で海岸に漂着します。美しい青色をしており毒はそれほど強くありませんが、美しい見た目に反して肉食性です。
イルカンジクラゲ,Carukia barnesi,オーストラリア沿岸など（近縁種が日本にも生息）,沿岸の表層,1cm(傘),表層,オーストラリアなどで恐れられる、傘の大きさがわずか1〜2cmほどの極小サイズの立方クラゲ。しかしその毒性はハブクラゲを凌ぐほど強烈で、刺されると全身の激痛や呼吸困難など「イルカンジ症候群」と呼ばれる致命的な症状を引き起こす恐るべき暗殺者です。
オーストラリアウンバチクラゲ,Chironex fleckeri,オーストラリア北部、東南アジア,沿岸の浅瀬、河口,30cm(傘),表層,「海のスズメバチ」の異名を持ち、世界で最も強い毒を持つとも言われる大型の立方クラゲ。傘はバレーボールほどの大きさになり、最大3mに達する数十本の触手を持ちます。刺されると数分で死に至ることもあり、生息地では海水浴が制限されるほどの危険生物です。
オキクラゲ,Pelagia noctiluca,本州の太平洋岸以南；世界中の温・熱帯海域,外洋の表層,5cm(傘),表層,ピンク色や紫がかった美しい体色で、傘の表面に細かいイボがあるクラゲ。夜になると物理的な刺激を受けて青白く発光する（生物発光）特徴があります。外洋性ですが風や海流に乗って沿岸に押し寄せることがあり、触手の毒が強いため注意が必要です。
アマクサクラゲ,Sanderia malayensis,本州の太平洋岸以南、東南アジア,沿岸の表層〜中層,10cm(傘),表層〜中層,長い触手と口腕を持ち、優雅に泳ぐ姿が美しいクラゲ。熊本県の天草地方で多く見られたことからこの名が付きました。他のクラゲを捕食する肉食性が強く、水族館の展示でも人気がありますが、刺されると非常に痛む強い毒を持っています。
サムクラゲ,Phacellophora camtschatica,北海道以南の日本各地；北太平洋、チリ沿岸など,冷たい海域の表層〜中層,50cm(傘),中層,目玉焼きのような黄色い生殖腺が傘の真ん中にあるため、英名では「Fried egg jellyfish」と呼ばれる大型クラゲ。冷たい海を好み、ミズクラゲなどを捕食します。たくさんの触手が絡み合うように伸び、フワフワと漂う姿が特徴的です。
ユウレイクラゲ,Cyanea nozakii,本州以南、東シナ海,沿岸の表層,50cm(傘),表層,白っぽく半透明の大きな傘と、そこから伸びる無数の白い触手が「幽霊（ユウレイ）」の髪の毛のように見えることから名付けられました。夏から秋にかけて沿岸に出現し、非常に強力な毒を持つため、クラゲ除けネットの点検などで漁業関係者から恐れられています。
キタユウレイクラゲ,Cyanea capillata,北海道、東北地方；北極海、北大西洋,冷たい海域の表層,50cm(傘),表層〜中層,世界最大のクラゲとして知られる「ライオンズタテガミクラゲ」と同種または近縁とされる冷水性の大型クラゲ。傘が赤褐色や黄色を帯びており、ライオンのタテガミのような無数の触手が非常に長く伸びます。東北や北海道の海でダイビング中に遭遇することがあります。
ヒクラゲ,Morbakka virulenta,本州の太平洋岸、瀬戸内海,沿岸の表層〜底層,15cm(傘),表層〜底層,火傷（ヒ）をしたような激しい痛みを伴う刺胞毒を持つ大型の立方クラゲ。アンドンクラゲの仲間に似ていますが傘の大きさが15cm以上になり、太い触手を4本持ちます。冬から春にかけて瀬戸内海などで定置網にかかることが多く、漁師から厄介者扱いされています。
カブトクラゲ,Bolinopsis mikado,日本全国の沿岸,内湾の表層,10cm,表層,兜（カブト）のような形をした、刺胞を持たない「有櫛動物（クシクラゲ）」の代表種。刺さないため安全です。体側に並んだ繊毛の列（櫛板）を波打たせて泳ぎ、この繊毛が光を反射してネオンサインのように七色に輝く様子が非常に美しい癒し系クラゲです。
ウリクラゲ,Beroe cucumis,日本全国の沿岸,内湾の表層,10cm,表層,瓜（ウリ）のような細長い楕円形の体をしたクシクラゲの仲間。こちらも刺胞を持たず安全ですが、カブトクラゲなどの他のクシクラゲを丸飲みにして食べてしまうという貪欲な肉食性を持っています。体側の櫛板がキラキラと虹色に光るのが特徴です。
オビクラゲ,Cestum veneris,本州以南；世界中の温・熱帯海域,外洋の表層,1m,水面〜中層,透明なリボンのような細長い帯状の体をした不思議なクシクラゲ。成長すると長さが1mを超えることもあります。海中をうねるように波打たせて泳ぐ姿は「ヴィーナスの帯」と呼ばれ、ダイビング中に外洋で出会うと神秘的な美しさに目を奪われます。
ツノクラゲ,Leucothea japonica,日本全国の沿岸,内湾の表層〜中層,15cm,中層,カブトクラゲに似ていますが、傘の表面に細かな突起（ツノ）がたくさん生えているクシクラゲ。非常に体が脆く、波の少しの衝撃や網ですくうだけでバラバラに崩れてしまうため、水族館での展示が非常に難しい繊細な生き物です。
チョウクラゲ,Ocyropsis maculata,本州以南；温帯・熱帯海域,外洋の表層〜中層,5cm,表層〜中層,大きな2枚の袖（そで）のような体をパタパタと羽ばたかせて泳ぐクシクラゲ。その姿が海中を舞う蝶（チョウ）のように見えることが名前の由来です。体には特徴的な斑点模様があり、クシクラゲの中では比較的遊泳力が高い種類です。
コトクラゲ,Lyrocteis imperatoris,相模湾、駿河湾；フィリピン,深海の海底,15cm,100m以深,深海の海底の岩や沈木に固着して生活する、クラゲらしからぬ「底生性」のクシクラゲ。竪琴（ハープ・コト）のようなU字型の体から2本の長い触手を伸ばしてプランクトンを捕食します。深海探査機や底引き網で稀に採集される珍しい生き物です。
クロカムリクラゲ,Periphylla periphylla,世界中の深海,深海（漸深層）,15cm(傘),500m以深,ヘルメットや冠（カムリ）のような形をした傘と、光を通さない赤黒い体色が特徴の深海性クラゲ。深海で自らが発光して捕食者から身を守ったり獲物を誘ったりする「生物発光」を行うことで知られており、深海特有の神秘的な姿をしています。
ヤナギクラゲ,Chrysaora helvola,北海道、東北地方；北太平洋,冷たい海域の表層〜中層,20cm(傘),中層,アカクラゲに近縁な冷水性のクラゲ。傘の表面に赤褐色から褐色のV字型の模様が入り、柳（ヤナギ）の枝のように長く伸びる触手を持つのが特徴です。北海道などの冷たい海でダイビングをすると中層をフワフワと漂っている姿を観察できます。
パシフィックシーネットル,Chrysaora fuscescens,北太平洋の東側（北米西海岸など）,沿岸の表層〜中層,50cm(傘),中層,黄金色や赤褐色に輝く大きな傘と、そこから伸びる無数の白い触手や赤い口腕が非常に美しい大型クラゲ。アメリカ西海岸などでよく見られ、日本の水族館でもその美しさから展示の目玉として飼育されていることが多い人気の種類です。
ベニクラゲ,Turritopsis dohrnii,世界中の温帯〜熱帯海域,沿岸の浅瀬,1cm(傘),表層,「不老不死のクラゲ」として世界的に有名な極小サイズのヒドロ虫類。通常のクラゲは繁殖を終えると死にますが、ベニクラゲは傷ついたりストレスを受けたりすると、ポリプ（イソギンチャクのような幼生状態）へと「若返る」という驚異的な能力を持っています。
オワンクラゲ,Aequorea coerulescens,日本全国の沿岸；北太平洋,沿岸の表層〜中層,15cm(傘),表層,お椀（オワン）のような形をした透明なヒドロ虫類。傘の縁に緑色蛍光タンパク質（GFP）を持っており、刺激を受けるとリング状に緑色に発光します。このGFPの発見・研究で下村脩博士がノーベル化学賞を受賞したことで一躍有名になったクラゲです。
ギヤマンクラゲ,Tima formosa,北海道〜九州；北西太平洋,沿岸の表層〜中層,10cm(傘),中層,江戸時代にガラスを意味した「ギヤマン」の名を持つ通り、ガラス細工のように極めて透明度が高く美しいヒドロ虫類。傘の中から十字の形をした生殖腺と長い口柄が垂れ下がり、繊細で涼しげな姿が水族館で非常に人気を集めています。
シロクラゲ,Eutima japonica,日本全国の沿岸,沿岸の表層,3cm(傘),表層,春から初夏にかけて日本の沿岸にごく普通に出現する小型の透明なクラゲ。傘の中に十字型の白い生殖腺が透けて見えるのが特徴です。小さくて目立ちませんが、注意深く海面を観察するとピョコピョコと泳ぐ可愛らしい姿を見つけることができます。
カミクラゲ,Spirocodon saltator,日本全国の沿岸（固有種）,沿岸の表層,10cm(傘),表層,傘の内側に赤い生殖腺が見え、傘の縁から「髪の毛」のように細くて縮れた無数の触手が伸びるのが特徴的な日本固有のヒドロ虫類。春先の限られた時期だけ沿岸に現れ、触手を振り乱すようにして泳ぐ姿が独特で観察者の目を惹きつけます。
ウラシマクラゲ,Urashimea globosa,北海道〜九州；オホーツク海,沿岸の表層,2cm(傘),表層,球形に近い傘に4本の太い触手を持ち、それが浦島太郎が持っていた玉手箱や蓑（みの）のように見えることから名付けられたクラゲ。触手の先端が丸く膨らんでおり、ピョコピョコと不器用そうに泳ぐ姿が非常に愛らしく、クラゲ愛好家に人気の種類です。
ジュウモンジクラゲ,Haliclystus borealis,北海道〜本州の寒冷な海域,海藻の上など,2cm(傘),浅底,クラゲの仲間（十文字クラゲ綱）ですが海中を泳がず、ラッパのような形の傘の頂点でアマモや海藻に固着して生活する変わり種。傘の縁が8つに分かれ、それぞれに短い触手の房が付いています。海藻の葉の上をシャクトリムシのように移動することもあります。
ムシクラゲ,Kishinouyea nagatensis,本州以南；温帯・熱帯海域,海藻や岩の上,1.5cm,浅底,ジュウモンジクラゲの仲間でこちらも海藻や岩肌に固着して生活します。四角い傘の四隅から触手の房が伸びており、虫のように見えるのが名前の由来です。潮間帯の海藻の上などで見つかり、目立たないためマクロ眼でじっくり探す必要があります。
ドフラインクラゲ,Nemopsis dofleini,日本全国の沿岸,内湾の表層,2cm(傘),表層,冬から春にかけて内湾や漁港などに大群で出現する小型のヒドロ虫類。透明な傘の中に赤い生殖腺があり、4つの房に分かれた触手を持ちます。動きが活発で、水面近くをピクピクと元気に泳ぎ回るため、春の海の訪れを告げる風物詩として親しまれています。
エボシクラゲ,Leuckartiara octona,日本全国の沿岸；世界中の海域,沿岸の表層,1.5cm(傘),表層,傘の頂上部が烏帽子（えぼし）のようにツンと尖っている小型のクラゲ。傘の縁から数本の長い触手が伸びています。ポリプ時代は巻き貝の殻の上などに付着して生活し、クラゲになると海中を漂うというヒドロ虫類ならではの生活史を持ちます。
ハナガサクラゲ,Olindias formosa,本州の中南部以南；北西太平洋,沿岸の海底付近,15cm(傘),海底〜中層,透明な傘の中に蛍光色の緑や赤、ピンクの十字模様が浮かび上がり、先端が丸くカラフルな触手が花笠のように垂れ下がる極彩色の美しいクラゲ。非常に美しいですが、ヒドロ虫類の中では例外的に毒が強く、刺されると激しく痛むため注意が必要です。
キタミズクラゲ,Aurelia limbata,北海道、東北地方；北太平洋,冷たい海域の表層,30cm(傘),表層,ミズクラゲの仲間ですが、傘の縁が濃い茶褐色に縁取られているのが特徴の冷水性クラゲ。北海道のオホーツク海などで流氷がやってくる冬から春にかけて見られ、縁取りの茶色と生殖腺の模様が美しいコントラストを描きます。
ツリガネクラゲ,Polyorchis karafutoensis,北海道；北太平洋,冷たい海域の表層〜中層,5cm(傘),中層,透明な釣り鐘（ツリガネ）のような形をした傘の縁から、多数の細い触手が垂れ下がるクラゲ。傘の内側にある消化管や生殖腺が赤褐色をしており、釣り鐘の振り子のように見えます。北海道の冷たい海で春から夏にかけて観察されます。
コップクラゲ,Aglantha digitale,日本周辺の寒冷海域；北半球の寒帯域,冷たい海域の表層〜深層,3cm(傘),中層,細長いコップのような円筒形の傘を持つ小型のクラゲ。非常に遊泳力が強く、海中をロケットのように素早く直線的に泳ぐことができるのが特徴です。寒冷な海域に広く分布し、水族館の展示でも時折その俊敏な泳ぎを見せてくれます。
バッテンクラゲ,Chrysaora melanaster,北太平洋、オホーツク海など,冷たい海域の表層〜中層,30cm(傘),中層,英語で「Northern sea nettle（ノーザンシーネットル）」と呼ばれる大型のアカクラゲの近縁種。傘の表面に放射状の濃い褐色の模様（バッテン模様）がくっきりと入り、冷たい海で長く美しい触手をなびかせながら泳ぐ姿は迫力があります。
キャノンボールクラゲ,Stomolophus meleagris,北米大西洋岸など（稀に日本でも）,沿岸の表層〜中層,20cm(傘),表層,大砲の弾（キャノンボール）のような丸くコロッとした肉厚な傘を持つ根口クラゲの仲間。傘の縁が茶色く縁取られています。非常に丈夫で毒性が弱く、海外では食用として加工されたり、ウミガメの重要なエサになったりしているクラゲです。
ムラサキクラゲ,Thysanostoma loriferum,本州の太平洋岸以南；インド・太平洋,沿岸の表層,15cm(傘),表層,全体が鮮やかな紫色（または茶褐色）に染まる美しい根口クラゲ。タコクラゲなどに似ていますが、３本の長いムチのように癒合した口腕を海底に向けて長く伸ばしているのが特徴です。黒潮に乗って夏場に本州沿岸に流れ着くことがあります。
クシクラゲ,Ctenophora (phylum),世界中の海域,表層〜深海,様々なサイズ,中層,※種名ではなく「有櫛動物門」の総称ですが、ダイバーの間ではネオンのように光るクラゲ全般を指して呼ばれることが多いです。刺胞（毒針）を持たず、体側にある8列の繊毛（櫛板）を波打たせて泳ぎ、それが光を反射して虹色に輝く非常に神秘的な生物群です。
シロクラゲモドキ,Eutonina indicans,北海道〜東北地方；北太平洋,冷たい海域の表層,4cm(傘),表層,シロクラゲによく似た透明で小型のヒドロ虫類ですが、こちらは寒冷な海域を好んで生息しています。傘の中に十字型の生殖腺が見え、春先の冷たい沿岸で大群を作ってピョコピョコと活発に泳ぐ姿が見られます。
ボウズクラゲ,Rhizophysa filiformis,本州以南；温帯・熱帯海域,外洋の表層（漂流）,5cm(浮袋),水面,カツオノエボシのように浮袋を持ち水面を漂う「管クラゲ」の仲間。浮袋の頂上からガスを出し入れして浮力を調整し、そこから一本の長い触手を真っ直ぐ下に垂らして獲物を捕まえます。風に乗ってカツオノエボシと一緒に打ち上げられることがあります。
ヨウラククラゲ,Agalma okeni,日本周辺の海域；世界中の海域,外洋の表層〜中層,15cm,中層,仏壇の飾りのような美しい「瓔珞（ようらく）」の形をした群体性の管クラゲ。透明な小さな浮き袋と、ロケットのように水を噴射する泳鐘がたくさん連なっており、深海生物のように神秘的な形をしています。外洋ダイビングなどで稀に出会える芸術的なクラゲです。
バレンクラゲ,Forskalia edwardsi,日本周辺の海域；世界中の海域,外洋の表層〜中層,20cm,中層,こちらも群体性の管クラゲで、火消しの馬簾（ばれん）や細長いモール飾りのように多数の個体が連なって一本の紐状になった生物。刺激を受けると全体がクルッと丸まって身を守るという面白い習性を持っています。外洋の潮目で中層を漂っています。