id,model,brand,created_at,display_name,type
61,Canon EOS 5D Mark III,Canon,2025-11-03T00:45:34.630955+00:00,Canon EOS 5D Mark III,dslr
62,Canon EOS 5D Mark IV,Canon,2025-11-03T00:45:35.006312+00:00,Canon EOS 5D Mark IV,dslr
63,Canon EOS 5Ds R,Canon,2025-11-03T00:45:35.368536+00:00,Canon EOS 5Ds R,dslr
64,Canon EOS 6D,Canon,2025-11-03T00:45:35.720701+00:00,Canon EOS 6D,dslr
65,Canon EOS 6D Mark II,Canon,2025-11-03T00:45:36.075919+00:00,Canon EOS 6D Mark II,dslr
66,Canon EOS 70D,Canon,2025-11-03T00:45:36.418949+00:00,Canon EOS 70D,dslr
67,Canon EOS 7D Mark II,Canon,2025-11-03T00:45:36.764801+00:00,Canon EOS 7D Mark II,dslr
68,Canon EOS 80D,Canon,2025-11-03T00:45:37.111232+00:00,Canon EOS 80D,dslr
69,Canon EOS R,Canon,2025-11-03T00:45:37.468893+00:00,Canon EOS R,mirrorless
70,Canon EOS R1,Canon,2025-11-03T00:45:37.82367+00:00,Canon EOS R1,mirrorless
71,Canon EOS R3,Canon,2025-11-03T00:45:38.205164+00:00,Canon EOS R3,mirrorless
72,Canon EOS R5,Canon,2025-11-03T00:45:38.53357+00:00,Canon EOS R5,mirrorless
73,Canon EOS R5 C,Canon,2025-11-03T00:45:38.87667+00:00,Canon EOS R5 C,mirrorless
74,Canon EOS R5 Mark II,Canon,2025-11-03T00:45:39.229073+00:00,Canon EOS R5 Mark II,mirrorless
75,Canon EOS R6,Canon,2025-11-03T00:45:39.567415+00:00,Canon EOS R6,mirrorless
76,Canon EOS R6 Mark II,Canon,2025-11-03T00:45:39.911601+00:00,Canon EOS R6 Mark II,mirrorless
77,Canon EOS-1D X Mark II,Canon,2025-11-03T00:45:40.257214+00:00,Canon EOS-1D X Mark II,dslr
78,Canon EOS-1D X Mark III,Canon,2025-11-03T00:45:40.582709+00:00,Canon EOS-1D X Mark III,dslr
79,E-PL10,OLYMPUS CORPORATION,2025-11-03T00:45:40.949485+00:00,Olympus PEN E-PL10,mirrorless
80,E-PL9,OLYMPUS CORPORATION,2025-11-03T00:45:41.296994+00:00,Olympus PEN E-PL9,mirrorless
81,GFX 100,Fujifilm,2025-11-03T00:45:41.636445+00:00,Fujifilm GFX 100,mirrorless
82,GFX100II,Fujifilm,2025-11-03T00:45:41.973467+00:00,Fujifilm GFX 100 II,mirrorless
83,GFX 100S,Fujifilm,2025-11-03T00:45:42.307105+00:00,Fujifilm GFX 100S,mirrorless
84,GFX 50S,Fujifilm,2025-11-03T00:45:42.652196+00:00,Fujifilm GFX 50S,mirrorless
85,NIKON D5,NIKON CORPORATION,2025-11-03T00:45:42.985608+00:00,Nikon D5,dslr
86,NIKON D500,NIKON CORPORATION,2025-11-03T00:45:43.321844+00:00,Nikon D500,dslr
87,NIKON D6,NIKON CORPORATION,2025-11-03T00:45:43.66129+00:00,Nikon D6,dslr
88,NIKON D7200,NIKON CORPORATION,2025-11-03T00:45:43.999111+00:00,Nikon D7200,dslr
89,NIKON D750,NIKON CORPORATION,2025-11-03T00:45:44.337794+00:00,Nikon D750,dslr
90,NIKON D7500,NIKON CORPORATION,2025-11-03T00:45:44.679925+00:00,Nikon D7500,dslr
91,NIKON D780,NIKON CORPORATION,2025-11-03T00:45:45.008143+00:00,Nikon D780,dslr
92,NIKON D810,NIKON CORPORATION,2025-11-03T00:45:45.34052+00:00,Nikon D810,dslr
93,NIKON D850,NIKON CORPORATION,2025-11-03T00:45:45.673282+00:00,Nikon D850,dslr
94,NIKON Z 5II,NIKON CORPORATION,2025-11-03T00:45:46.000968+00:00,Nikon Z 5 II,mirrorless
95,NIKON Z 6,NIKON CORPORATION,2025-11-03T00:45:46.345508+00:00,Nikon Z 6,mirrorless
96,NIKON Z 6II,NIKON CORPORATION,2025-11-03T00:45:46.686253+00:00,Nikon Z 6 II,mirrorless
97,NIKON Z 6III,NIKON CORPORATION,2025-11-03T00:45:47.019421+00:00,Nikon Z 6 III,mirrorless
98,NIKON Z 7,NIKON CORPORATION,2025-11-03T00:45:47.359986+00:00,Nikon Z 7,mirrorless
99,NIKON Z 7II,NIKON CORPORATION,2025-11-03T00:45:47.705653+00:00,Nikon Z 7 II,mirrorless
100,NIKON Z 8,NIKON CORPORATION,2025-11-03T00:45:48.037572+00:00,Nikon Z 8,mirrorless
101,NIKON Z 9,NIKON CORPORATION,2025-11-03T00:45:48.372016+00:00,Nikon Z 9,mirrorless
102,E-M10MarkIV,OLYMPUS CORPORATION,2025-11-03T00:45:48.700967+00:00,Olympus OM-D E-M10 Mark IV,mirrorless
103,OM-1,OM SYSTEM,2025-11-03T00:45:49.038564+00:00,OM System OM-1,mirrorless
104,OM-1MarkII,OM SYSTEM,2025-11-03T00:45:49.379988+00:00,OM System OM-1 Mark II,mirrorless
105,E-M5MarkIII,Olympus,2025-11-03T00:45:49.713143+00:00,Olympus OM-D E-M5 Mark III,mirrorless
106,DC-S1H,Panasonic,2025-11-03T00:45:50.05693+00:00,Panasonic Lumix S1H,mirrorless
107,DC-S1R,Panasonic,2025-11-03T00:45:50.400611+00:00,Panasonic Lumix S1R,mirrorless
108,DC-S1RM2,Panasonic,2025-11-03T00:45:50.746558+00:00,Panasonic Lumix S1R II,mirrorless
109,DC-S5M2,Panasonic,2025-11-03T00:45:51.082652+00:00,Panasonic Lumix S5 II,mirrorless
110,ILCE-1,Sony,2025-11-03T00:45:51.426033+00:00,Sony α1,mirrorless
111,ILCE-7M4,Sony,2025-11-03T00:45:51.760875+00:00,Sony α7 IV,mirrorless
112,ILCE-7RM4,Sony,2025-11-03T00:45:52.102763+00:00,Sony α7R IV,mirrorless
113,ILCE-7RM5,Sony,2025-11-03T00:45:52.44508+00:00,Sony α7R V,mirrorless
114,ILCE-7SM3,Sony,2025-11-03T00:45:52.780102+00:00,Sony α7S III,mirrorless
115,ILCE-9M2,Sony,2025-11-03T00:45:53.11383+00:00,Sony α9 II,mirrorless
116,TG-3,OLYMPUS CORPORATION,2025-11-03T00:45:53.447241+00:00,Olympus Tough TG-3,compact
117,TG-4,OLYMPUS CORPORATION,2025-11-03T00:45:53.798351+00:00,Olympus Tough TG-4,compact
118,TG-5,OLYMPUS CORPORATION,2025-11-03T00:45:54.131532+00:00,Olympus Tough TG-5,compact
119,TG-6,OLYMPUS CORPORATION,2025-11-03T00:45:54.461265+00:00,Olympus Tough TG-6,compact
120,TG-7,OLYMPUS CORPORATION,2025-11-03T00:45:54.793782+00:00,Olympus Tough TG-7,compact
121,Canon EOS R7,Canon,2025-11-24T01:06:27.638548+00:00,Canon EOS R7,mirrorless
122,Canon EOS Kiss M,Canon,2025-11-24T01:08:51.285153+00:00,Canon EOS M50,mirrorless
123,Canon EOS Kiss M2,Canon,2025-11-24T01:09:20.045471+00:00,Canon EOS M50 Mark II,mirrorless
124,Canon EOS M5,Canon,2025-11-24T01:09:49.276097+00:00,Canon EOS M5,mirrorless
125,X-H1,Fujifilm,2025-11-24T02:54:33.863662+00:00,Fujifilm X-H1,mirrorless
126,X-T3,Fujifilm,2025-11-24T02:59:39.080302+00:00,Fujifilm X-T3,mirrorless
127,X-T4,Fujifilm,2025-11-24T02:59:47.795885+00:00,Fujifilm X-T4,mirrorless
128,X-T2,Fujifilm,2025-11-24T02:59:57.221208+00:00,Fujifilm X-T2,mirrorless
129,X-T5,Fujifilm,2025-11-24T03:00:01.475974+00:00,Fujifilm X-T5,mirrorless
130,NIKON Z 50,Nikon,2025-11-24T03:00:09.96459+00:00,Nikon Z 50,mirrorless
131,E-M1,Olympus,2025-11-24T03:00:12.941726+00:00,Olympus OM-D E-M1,mirrorless
132,E-M10MarkII,Olympus,2025-11-24T03:00:43.347704+00:00,Olympus OM-D E-M10 Mark II,mirrorless
133,E-M10MarkIII,Olympus,2025-11-24T03:01:09.33428+00:00,Olympus OM-D E-M10 Mark III,mirrorless
134,E-M1MarkII,Olympus,2025-11-24T03:01:34.503643+00:00,Olympus OM-D E-M1 Mark II,mirrorless
135,E-M1MarkIII,Olympus,2025-11-24T03:02:01.266574+00:00,Olympus OM-D E-M1 Mark III,mirrorless
136,E-M1X,Olympus,2025-11-24T03:02:25.589702+00:00,Olympus OM-D E-M1X,mirrorless
137,E-M5MarkII,Olympus,2025-11-24T03:02:49.065911+00:00,Olympus OM-D E-M5 Mark II,mirrorless
138,OM-D E-M5 Mark III,Olympus,2025-11-24T03:03:14.438673+00:00,Olympus OM-D E-M5 Mark III,mirrorless
139,OM-5MarkII,Olympus,2025-11-24T03:04:04.436276+00:00,OM System OM-5 Mark II,mirrorless
140,DC-G9,Panasonic,2025-11-24T03:04:29.159338+00:00,Panasonic Lumix G9,mirrorless
141,DMC-GH4,Panasonic,2025-11-24T03:04:56.319249+00:00,Panasonic Lumix GH4,mirrorless
142,DC-GH5S,Panasonic,2025-11-24T03:05:19.929929+00:00,Panasonic Lumix GH5S,mirrorless
143,DC-GH6,Panasonic,2025-11-24T03:05:42.731297+00:00,Panasonic Lumix GH6,mirrorless
144,DMC-GX7,Panasonic,2025-11-24T03:06:36.694966+00:00,Panasonic Lumix GX7,mirrorless
145,DC-GX7MK3,Panasonic,2025-11-24T03:07:01.055754+00:00,Panasonic Lumix GX7 Mark III,mirrorless
146,DMC-GX8,Panasonic,2025-11-24T03:07:26.457155+00:00,Panasonic Lumix GX8,mirrorless
147,DMC-GX7MK2,Panasonic,2025-11-24T03:07:52.604174+00:00,Panasonic Lumix GX7 Mark II,mirrorless
148,ILCE-7,Sony,2025-11-24T03:08:18.56+00:00,Sony α7,mirrorless
149,ILCE-7C,Sony,2025-11-24T03:08:30.622778+00:00,Sony α7C,mirrorless
150,ILCE-7CM2,Sony,2025-11-24T03:09:22.683681+00:00,Sony α7C II,mirrorless
151,ILCE-7M2,Sony,2025-11-24T03:11:09.833964+00:00,Sony α7 II,mirrorless
153,ILCE-7R,Sony,2025-11-24T03:25:28.752166+00:00,Sony α7R,mirrorless
154,ILCE-7RM3,Sony,2025-11-24T03:26:26.925246+00:00,Sony α7R III,mirrorless
158,ILCE-9,Sony,2025-11-24T03:29:31.240963+00:00,Sony α9,mirrorless
159,ILCE-9M3,Sony,2025-11-24T03:30:17.552842+00:00,Sony α9 III,mirrorless
162,ILME-FX3,Sony,2025-11-24T03:32:45.025775+00:00,Sony FX3,mirrorless
163,ILCE-5000,Sony,2025-11-24T03:33:39.100047+00:00,Sony α5000,mirrorless
164,ILCE-6300,Sony,2025-11-24T03:33:53.092665+00:00,Sony α6300,mirrorless
165,ILCE-6400,Sony,2025-11-24T03:34:04.826752+00:00,Sony α6400,mirrorless
166,ILCE-6500,Sony,2025-11-24T03:34:16.244816+00:00,Sony α6500,mirrorless
167,ILCE-6600,Sony,2025-11-24T03:34:27.110191+00:00,Sony α6600,mirrorless
168,ZV-E1,Sony,2025-11-24T03:34:39.266829+00:00,Sony ZV-E1,mirrorless
172,E-PL7,OLYMPUS CORPORATION,2026-03-28T12:47:32.432289+00:00,Olympus PEN E-PL7,mirrorless
173,E-PL6,OLYMPUS CORPORATION,2026-03-28T12:47:32.432289+00:00,Olympus PEN E-PL6,mirrorless
174,E-PL5,OLYMPUS CORPORATION,2026-03-28T12:47:32.432289+00:00,Olympus PEN E-PL5,mirrorless
178,E-PL2,OLYMPUS CORPORATION,2026-03-28T13:49:16.096383+00:00,Olympus PEN E-PL2,mirrorless
179,E-PL3,OLYMPUS CORPORATION,2026-03-28T13:49:16.096383+00:00,Olympus PEN E-PL3,mirrorless
180,E-PM1,OLYMPUS CORPORATION,2026-03-28T13:49:16.096383+00:00,Olympus PEN mini E-PM1,mirrorless
181,E-M5,OLYMPUS CORPORATION,2026-03-28T13:49:16.096383+00:00,Olympus OM-D E-M5,mirrorless
